{"T":[0,3600,7200,10800,14400,18000,21600,25200,28800,32400,36000,39600,43200,46800,50400,54000,57600,61200,64800,68400,72000,75600,79200,82800],"P_CT_WD":[90656.75,95439,95081.25,49518.5,81625.75,35428,83907.25,78572.5,3450.75,2332.25,2050.75,2641.5,22408.75,66210.25,57163.75,74537.5,76828.25,51205.25,60686.5,45143.5,47496.25,31841.75,12903.5,13973],"P_CT_PV":[0,0,0,0,0,0,0,0,1637.25,4515.25,10009,39977.5,43072,64300,34357.75,43827,23951.25,2323.5,0,0,0,0,0,0],"P_c_Cbu":[-93772.722436305,-97687.7420507246,-94124.58302173909,-97432.7420507246,-94428.83302173909,-102317.7420507246,-219256.833021739,-239015.786022713,-269809.681102972,-263408.85777061305,-255393.549010535,-234730.709801425,-245222.421663196,-285123.174112349,-372708.33714779,-323304.255454086,-186547.064660395,-184038.955708988,-212964.119268238,-269804.846496103,-318387.595609974,-394068.425137559,-344054.936590367,-139580.9340759347],"P_c_CEV":[-0,-1200.75,-1155.25,-1103.5,-0,-0,-0,-0,-1200.75,-1155.25,-1103.5,-0.75,-1.25,-0,-0,-0,-0,-0,-0,-0,-0,-0,-1067,-1396.5],"P_c_CPl":[-0,-0,-0,-0,-0,-0,-0,-16285.3,-0,-0,-0,-0,-0,-0,-0,-0,-0,-0,-0,-675.68333333333328,-392.98333333333335,-616.88333333333333,-13641.55,-24824.2],"P_ess_BAT":[-24811.192609999995,-24607.156490000005,-22806.3631,-17288.98404,-16818.43309,-14814.84966,-3384.582027,15812.22032,27779.42217,43104.205489999993,48872.10218,27911.42161,13345.30543,-7640.18785,-26415.89474,-30928.916010000004,-27988.32307,-24601.716690000005,-13941.80851,-3196.991881,2884.81383,5785.8952970000009,6770.513718,7435.19037],"P_ess_SC":[-3445.69037,-7226.965845,-7642.3295878510116,24070.89894,-13424.22648,18183.01968262389,-18206.612082055261,-5544.9759350096174,28503.105598721992,8126.1355599460958,2720.949849254554,934.56709524566122,323.4230890620039,-24735.18449,15014.446384056366,-20089.43505,-10850.506659986999,13391.174130000001,2816.515957,4840.449328,-6873.606383,3376.072788,8891.608623,2983.852184],"P_ess_HP":[-27122.60809,-29237.618729999995,-26828.74639,-22188.15597,-15421.5815,-7039.0283049999989,1213.992971,4757.269567,8981.604673,10089.57276,5730.147226,3355.8227579999993,2108.870631,2720.131269,-3135.379369,-11352.64001,-16881.45384,-19883.94852,-22557.448519999998,-19169.19852,-18204.19852,-13867.709159999999,-6407.113412,-2561.783625],"P_CT_rk":[0,0,0,0,0,0,0,0,0,0,0,0,0,0,0,0,0,0,0,0,0,0,0,0],"e_gri":[-58495.463506305,-64521.2331157246,-57476.0220995901,-64423.983120724595,-58467.324091739087,-70560.600333100709,-155726.78415979425,-161704.07207072261,-200658.29866125,-196396.69396066695,-187114.09975528045,-159910.64833817934,-163965.322513134,-184268.165183349,-295723.66487273364,-267310.746524086,-141487.848230382,-161604.69678898802,-185960.360341238,-242862.77090243631,-293477.32001630729,-367549.2995458924,-336604.97766136704,-143971.37514693473],"SOC_BAT":[0.5,0.53730763907864787,0.56477595627939359,0.590088008401507,0.6091866868089012,0.62767609718057693,0.64390001020214993,0.64759187990583178,0.63040926389234531,0.60025378666388263,0.55328613535552107,0.49970003731235169,0.46882839061406245,0.45394109105409625,0.46250128274723606,0.49216203698815852,0.526859425954889,0.55813849039007035,0.58548738128286015,0.6009071130655953,0.6044247556627852,0.60126047962318818,0.59491922520383567,0.58749407317038438],"SOC_SC":[0.50000000000000033,0.37502859728082444,0.16835757739116072,0.34596228528538747,0.46641128240849417,0.599435079548413,0.40108465192449083,0.12215368421097006,0.372087561578898,0.82098436338056568,0.94005852278975655,0.97941184683853744,0.99287511391377248,0.731084512845594,0.66923752894567223,0.63835409460524917,0.23903248266681257,0.19326431967323174,0.38485618983045194,0.47368946071240575,0.44981657542260928,0.40873483270346672,0.54944447147001463,0.68289667126781373],"SOC_HP":[0.5,0.51068050945568511,0.52130533083411079,0.53059424819096213,0.53772145791559767,0.54197784169788632,0.54308171136759475,0.54040341464725383,0.53424110281051918,0.52568708736624914,0.51859145157975,0.514516111824648,0.51206502710206436,0.50989906975736821,0.50966461149163156,0.51241015452263738,0.517760638779926,0.524727843308789,0.5327706736516461,0.54067805574377437,0.54776047792336624,0.5538382446848823,0.557680412227681,0.55938005743877439]}