{"T":[0,3600,7200,10800,14400,18000,21600,25200,28800,32400,36000,39600,43200,46800,50400,54000,57600,61200,64800,68400,72000,75600,79200,82800],"Pe_grid":[-58495.463506305,-64521.2331157246,-57476.0220995901,-64423.983120724595,-58467.324091739087,-70560.600333100709,-155726.78415979425,-161704.07207072261,-200658.29866125,-196396.69396066695,-187114.09975528045,-159910.64833817934,-163965.322513134,-184268.165183349,-295723.66487273364,-267310.746524086,-141487.848230382,-161604.69678898802,-185960.360341238,-242862.77090243631,-293477.32001630729,-367549.2995458924,-336604.97766136704,-143971.37514693473],"EP_con":[0.093521460298,0.02259719409,0.017054059886,0.012188138913,0.011678860923,0.01280457939,0.062434852102,0.112393489465,0.150974389224,0.154930594857,0.201495333636,0.202509373434,0.204240032254,0.206935123285,0.163041312508,0.174945982142,0.196938299742,0.202862231841,0.255333125325,0.266881526961,0.283810835121,0.272585026799,0.218642191368,0.199914704823],"EP_gen":[0.06931,0.01582,0.00925,0.00332,0.00332,0.00711,0.04527,0.08567,0.09544,0.09728,0.09522,0.0958,0.09729,0.09939,0.10138,0.11023,0.12911,0.13404,0.13954,0.14817,0.15958,0.14958,0.14159,0.12478]}